addr,tot
SQTstaCXN3vNjSCjJbVA9Z7ecrsYcTjYKn,3692809.7063833
SeMQjNgjaHzw4eebBCwzP5FBZNma8sGrEz,450586.69255132
SdbyXf2f1xCy5zPQVgELigaZgMusvmJNuE,432870.87949961
Sgmo2Q7CNCL8FyizoJ8wyCJkumDKNqsxtZ,288445.16711691
SQ1NHaacKvSwdRqkr8YwR7hWGAoSj1FAV6,272567.79006446
SVAhrCi5axA6HLX5oJGVFMg4iRkrjaM7sN,177638.16139307
SegEX88QcgP7DK4qUFLnMrKMqteNv4yqS3,136486.86713232
STAMATYyXDQfUDRfLYrUpYUz4MXzFZrw44,134441.92372678
SPREADERvKc1xxmghRjDgTiU1Vdd8Pjx1m,125505.14178817
SdmKaRDcRp6aVuoeqYfZzKc8pAcX5DH9Bm,112999.2
SamMB1mvFbV9359kz5R8Xe4MmfLiY5XvGe,112579.26353687
SXKrxAEDu7Q5za6qnwPD33yPQVrqDyX3Mw,102947.0
SSD53KPJwSeazrV2YPY6EXzn4TD4WJdUr4,100445.0
SW4GKsUZK2h8C1fGHPqoVFGW56AYMfwzE8,100432.0
Sf8P2fgsGVu123V7e8KfjeywB1dYHzkRF3,100372.0
SMwV5cM8p98NdWrv2KnjE6SsBPhb7in7jT,100331.0
SdQG5bLthc7DM5dNSXnhE3245G4ydPM4bC,100314.0
SYQQVVEBRvX1mG6HmRtPBQG2wnBwGXcbYE,100250.0
ScGmwBtysERr21Jd6VJxuhG2ZSAiEepFdz,100140.0
ScZYpvBQYBU4nd8ui3G7g3fybxcWgtTCeu,100134.0
STwc9SWYkKi7p3mnh5j8eawevSJF47ZCY9,90724.77275858
SMLbivkkQCi6ExH9o7ZEwhuUiAjdRQMrmC,67778.23688083
SY7t4wyuKHV8wf5rpNDMCUde4kUVexBSeY,64873.45347510
ShGoCH7WbgtiXXkh6uk8aRSpeRMNAaFpBy,64060.75347198
SSRb2Y3RvRtypuezwiBv3ENPm3VVwR4KBw,62838.95745936
SWTzmtsoJ9kYGz8GFHnvyfRo8NNGxSvJGc,57017.35820743
ShWnLy37dqA2oxTUGYvojdLvLhmWCZKsT8,50886.66344541
STGY7dkHN237yeDZoyfJ6oXbjkFxkcRQsU,50000.0
Sc2hEDo3Fkj14RmJJg4oYfxC6VvPvYjcRK,45524.03947347
SQrgnkJmgxM3yTyghhcHMaCHL2DM5J6FT8,40004.48
SVsUNu13XTh5eHpoLFgFjSkEbzd9UVcLrD,39800.0
SacKKpiHx56zRWyoEQb6VrsR82g67896dN,39558.35220665
Sa6TCTCHwfxknWy7CKAtdhJ3Psc5K6VE3U,38023.31698410
Sh4HGiEgLCeP1SbDe9T1FPMz7rUYEMV9Rd,34999.79
SQETXPY8pZBN43jjsNFCdmVKmDmfYapckd,30026.31248581
STJg1icEY5EtH6iMmfG4afojkhaqGmCzhA,29148.40701947
SQ6bGKHqFAMAJYxxJGGH1UX2bE2uFJoZCV,28102.19512665
SbWsX5uGS3XpiT4netCT3HsXsZaxPbReoy,27075.89658546
SU3tAdvXWsX5fnZ2uCTdiQH37EcBScUwgh,25329.44186839
SSs7P3qabxWZWLAJPqsP7X6grNP6CzdWx1,24999.8
SPEdWyPnrnEcpW2PRKzuoJc9iUKqbNKFSp,23999.4
Sds5Svz2v8aiAD2np7T7uM7FnHPi78cHWa,22093.4
SYAGnRK7fP6ibFHigTtM1tLaeVUAJy7RZf,21350.90025417
SPpa4AT6ESKravJ9RdhrPT8rHJ8Xd61wqS,21177.75258268
Sg7SzyE3oHC2J3LGaWVZgknxXoiox3pNcU,20025.37818074
SZnJXTubuyF6CrQQuaqiumAVvxqXhxGeT9,19231.33025681
Sacj8jmJ7hQXX7pf3B62tYzmqNMsu3zsWG,18004.4
SUEfYGkyvormnzv9DTQvS9apP8nP3yJtF6,17663.52868816
SdwzydPixDcn9y95LZusi44FFmQNZ4AwrD,17115.0
Sfrodef4Xks5aLRbAReyEXB1XWkDdYSNNd,16001.71804738
SPrdeF1KU5CreLH2TYdnhNmZMAmoBbEynY,16000.8
SZAbnqgVcfyr2UQMj7gnpDBHtLXbKvMmva,15678.8
SMYEacZMDsAMNs1RKDNV3SpxFC5uNrgAkn,15328.20784045
SeYrnpyh3L2NHyzz7XDcvepXPK763sHFwU,14999.6
SNtgyE8YMQ7unPZdVBF6BTegzUTDmj3H3k,14743.4
ShwQq7J7vEEVEhUUdmSwuDsa966G2x6mTY,13943.27484681
SdYZn96gyUUFWqZEewYTZYTYsd4YesWPRj,13685.38787911
SNn2TrcSMDr6wSNJZQfVBEfc1cWehkUQCt,11741.00208039
SYajZHnPyg7AenPzVqN3BnB4UrnNTfWxZo,11699.09714871
SXLD6325yLuehsmp3gXL466P88FZcfdqgs,11425.60386891
SRgajXkftN3LGPmmu7xowcoaMefvwPhMrc,11150.48905854
SSn5evvraNQKV6VekBMBUD7cC4zzS2iLTj,11000.0
SWwH6QkaceRuTM6hcfx53PuqU9Qhkk3aKQ,10686.66906428
SMjM8ULvGDDyr45WJjr8gSpJFeER6xpasd,10611.40564951
SdwSpVgKm4A7Nyg7JEWRmc4ga2GF2Y4N8z,10319.01681482
SX1hXM3HCofxofpujdfSM9pr3q5KJcTtU6,10244.77817
SMkbwmjr2zvtbcBLMZqdW6ajzn3xYsHq3n,10225.0041449
SPwYrW2R47pLpkWJXdeSoWG2vYTZ5atXxx,10195.6
SRvKGYEWpxPVLzgfLNvA4K7GiVE1sCz2hB,10129.6
SaCkzQZbEJe9fFy8AFQxPmAH9BaGyEvAD3,10093.50558972
SMcayWTTaxMSgk85ZMoKZF8ECAvku3K3Gt,10074.06135351
SXo18iJS7kU1T9Sjbwwcda7nfLB3SoUH7n,10009.8
SeTVUH7hMcnvsvq5Ehx5YSRZsXUkTBjApK,10004.49346293
SbLG98vroUYKprbu33m5Hvn8ZrMKpJNeLJ,9972.65817445
SYUngUvNSi2SJcNGVT1ynaxDyRMX5gf681,9366.77023081
Sd3wyX4bkCpUEG21kQN2fVz2zQAqchHMLP,9210.00000001
SXSNp3vQtANwwwdQcZ8CuBkM15dboDJQMa,9160.6481955
SNzkKRtLXHkoWzEa8kkq6aYxSSpQRwshJc,9017.8
Shyr98NDQ7moFDjyg7yCh7Cw5oDRdbEYhf,8312.3
SRover7hXqKmdvxFRqFoM5o8R4yZ4TUHpt,8005.6
Sb6SSr9L6VLxmGfCrvvDd6ySewwP1vfwPZ,7455.54792782
SZGZNhyTd6GN89b5PFQ4fdQTypMehicrnn,6488.08652346
ScG4CKMpWRiEZN1Akqo95aPkka1uSMZiXy,6300.11499333
STdoocWjbm518RiYeveMeHY6YsaoTbJfcw,6099.85651156
STMXykU8T2qNhFSu3Nte7qCMF8iKdJ2TC7,6069.74578099
SZaEGTuuxCKNz1Dde9ervUqh89ekuUf8Fc,5951.68686668
SagSEzSEHpR4hfhSg3ve6oQDSmNpv1EPvG,5921.93877335
Sez2aCPiDMPX5hVLenb3USdrunU58MS4bD,5531.12183364
SWHRB3TeewN7Be8V8DPmbN4XdPp3HKMbWm,5265.82313745
SXqGxgrP9cmedEtWAUrMKfGiNvSJXbyJ46,5233.31301385
Sf2ULBBpZgBFbmmdfKZAtX9nmNMhvHGMmT,5032.57063818
SSE1iKxtRtjqzUQQcPaCpq1W14qK3A2ZYB,5009.8
SQtakqnKGKUZLK5UhRqETkWAZp6P4nZ7UG,5000.6
SSCLTmynxDhixidmP7CiSRzMb9q2pG8QjJ,5000.6
ShW1G8ibhr2jnhspQShyobVdepbHk4rXkJ,5000.54797167
SWYn6XNPZ3tW1nr5ynYyaYymQdWR6kcgwu,5000.0
SbyqH8Re8RrtPc3kkkfYGHXumSt43jeHeo,4990.0
Sd5ys634QiuCyjBZPYmwzbH71Pzd3W18Dd,4817.95569025
SPyX5T3idxwEB29hDwJ1CDsr1KrPY18ec5,4808.74692760
SaPSsVumeP1a4FCrF9m63HJ1SNi1mc7jxb,4682.05385999
SVDi85iCqoSiXBNMv289C1519WPJ1pBdJD,4642.64456676
SaVMUZzBXMLEmQNsm2ts3J2PWcWzCECk4K,4531.91365658
SVF6k5dPmhVjtUh696Hs9y5Ge5dkuwzPfF,4351.0
SfiD9BWkgfsfUYeYKzGpVCqdzmxYp9EsS1,4345.69308539
SZAz7MbDud43epg4Ggdy11jk6YRu3PTFtg,4001.24868402
SjY8Zg1YHEEH9n5cNp92EXogMErBeZJv2m,4000.0
Sd9Rs4GjDcdEAwKaY2dTauDQYytZdzo2FN,3862.8
SNnpRMuoJF8b6oEGhj1HL4aZoVXeUoAxNz,3802.97358694
SWwB33beCahRmPLmsPSrXV2hhWK1JsrLPY,3665.36421297
SZnFdYwjeoVy3aggs1sTZz7Aryw9vRMWzc,3662.0
SMdunBqDm8Js8svTAYk6xaPSTjjYich8f6,3631.31346397
SiGZbpP2s3whtH5B1iH3UTEg5hWWn1BWPQ,3117.43013862
SRbRHDemckVCuuoEZE4rDzHiLKwftv6Lpg,3103.70625448
SY3V5G7s9RsWAcLYfAVED89CNCW8rQMLsG,3077.02345837
SSdXG12HBfc3JuvV7GruUeW1agseyMFUVo,3052.81005253
SPZmZHyBdtdWng536NjEoGB5pBLNEmrXU4,3019.37555065
Si3SyfKxMnsWHg7UsqBPfEB6SxQDVu7JbS,3015.12075914
SVDzaxvW2sZGEn1xk4kv5SB2i6cSmM6yQE,3009.8
SiKyZkmf9sNhZav74NRGqChp6N5knzsRT3,3002.73935038
SZjHMWg1pza1Cbx6jJFnaTEKm7aRnRPaS2,3001.24830247
SVYAmue9mTXnxtFbLfnS7zcHK9uMqjb7sY,3001.08783944
Sf4iFeN3tP281DxpA9wjUjdwrfskE5aozc,2999.78829834
SgT3K6Y9xNrNgRoGba4ShDH9vuCQr6DtyE,2987.6765331
Sb4UuVYiHUBuynrE1EPuEzrR6rCwvFywrJ,2955.67557017
SbmSpg4jVPYVRsgM3eniBAvwsGvYZE2mCV,2791.76164985
SZLNV3y2hTY89YJsmvcw8NTV5pQkwfq2T9,2619.09910964
SiSrqUFBhUr5mM7yGd8eSatpBz769aa9Lr,2548.81527718
SiV7LwsL6bg38esegaL5Xf9c9e7QddrJ6q,2447.22789499
SbTGkq2Bo1YMmg36LKMZP3wSFjg7rySttw,2360.24722758
Se1RVPubcHzeQFgNGTKKod4ZADxJJYzpGD,2275.61738795
ShAbDdueCdVuG3huNG9U2m7XFUqY4Hz9sS,2224.22311861
SUxMBVrDG27d2HX9L5hhougeSjEJ8XP25y,2141.73686923
Scv2fFnwo39Zotmpfkwxx6YANL3n8oQ1hb,2105.50769806
SbBXzX1VQU89G68DV49Z1yiG4sZwoUSu23,2078.93901333
SkGEigwuZtjANL7UFvud3piUNfFwXMDjuJ,2020.19107883
SPU23JbsL5SrRhoJYZocw3QLP7DSTurmbY,2015.8
STUe9Xp47YqpweoRchvT86YS9WkPpsXXU1,2009.11028099
Sk78GPMQn4gBavQv6iXn9dPRYao81rCtqF,2005.93090099
SVsFcDbR1tg2qLdiKpaga8TeRGYBeg1Tv1,2005.6
SShVxxM6Fd3Fs9Fe5aABf3aEyW7NpC2h1o,2003.83430129
SRP3ouSW1yaLXW3KYrKEGEzJLNC862jtPr,2002.70535346
SgF2NuWm5nZWNMc9sF9Pj57JkaagGwYqb4,2002.6
SbT4FwuaYskqoRYJ8WjFy18ai1B4bJmRfk,2002.09592164
SgymAgxXuBi913tvz6wf5NV5qK5AhaUi4a,2001.10665554
ScfdV6dTnY5ianhJEQwSyiCeZJWxboyYid,1999.8
ST5c9tyF8dV2RWRGRQQe5u1kqBnPicA9vF,1928.22583161
ShryJ7NhsU9j7TQfLn6vmWqiUHLEZPameo,1927.16275510
SeBd1prDtx16ZpDzfbfvYPUN45fyECoiNC,1899.8
SXWJvxDoppLtm62MwBFohee2qnf5NEcaeM,1899.8
SWDCYJwB7siUHcJyFuhsw5qKHKxDL4hGKq,1833.96533340
SUpo3YGDKHJn2juTTV91Hq9AVHYa19eNBY,1772.69905346
SMgcztf8bXEM4JCuUozt3PJV4b7kc3FQfd,1658.92778905
SRTxueqsPSNYkSDwcMvRKMuUYAeR2gbanp,1570.00716081
SZHSdhQfq4eMywVL4iyg58BCkYsRJnWtx1,1549.4
SbfD25TQ7pbTvavd8vtdU8oP7F1fmdiWVW,1501.24605004
Sb8d9cBP8xsZKYLi8EZev7U13sU1cbmVFV,1500.05
SannKMxrqgvCV1kbDQgLdju4nWEpEjD8pM,1500.0
SkHiSEzjKs9r3yBguRDSbeQNoTzTbFCmy8,1500.0
SXCzNwuHfaVAriFebZ1M71mdJSMZTcSREv,1472.108166
SibyBjnSTWouFaBggydFGdLmBC3MAWcwu4,1443.11728888
SdiG6FnqonM4nVb7wYbzFPB8FV7tgukTnG,1434.55990612
Sf9bHEjJXYqoeLe4eDwQ4cL1UxZBw2jfPL,1433.03129161
Sc3NoYjKCVdTGBF4ntoeJs4hGKedCXB97w,1378.91133825
SRpuojjNftDDH52zijqt46Wvt1doQ86Fsf,1377.18472406
SXDE3krPhygVVLQXVr3S2tFktXKuy6SbZA,1368.36924533
ST7QK7D91L78Npni1TgxkuNB6vCZJagCSc,1364.8453046
ShPR9RYqMeBawRJWHSFEumUwknx2EHVHUF,1353.30177609
SdQsHCbxM32sTeZ99ykCRvXJ77S6bmbWQ4,1282.28098416
SSmDS7MzWDCMqwqyMm6gGuXPhQ7Hv5fwaG,1277.02855223
SbjhrMjydXLHN9mSG9DL6TZcYrkopzbEPE,1237.65970149
SRLeZMTBXXaiyrhLWLNkWtkwuu8P6c4SoE,1212.19460670
SgLMtXo59SgsPEnmx5CE5gcmzWs5ACA3Tw,1190.39842551
SgyyYmpE5EhYVYypDbqqMB8MpBuMNwUmKc,1180.91675479
Sj4TfWF8rewYSG2L5Rw1QrRQjaXoEESmMr,1140.09091093
SjCqPC5xbPaXGHgSi1rxJxTZJa3AtSGE25,1139.02555543
SUgawYens7Qwwp3djyhFNyquLFFjMuuDdG,1134.89838388
SSHUvYeyGQcV6z1QvFiu2SppKDTbb2ZFC1,1100.0
Shq9me5UXcGMzfLaMbnG5rtbxgbrVXxVGs,1099.2
SSC6TnmALpr4AXvsTcsLwHcLwaTVNd3bYe,1095.12717273
ShQ2o3wYo25ATJpshnKYFJKNQFCo7ddPPq,1072.66068260
Sdxd8kAQuvwkUUpKz7wCpjDPL2WVLwSYrZ,1071.54976697
SdLpRS8RwwMKhMUDJnmRWzpdvi31CVp2dP,1066.64325565
SdEnngSLgj2hrHPpo54p4gJFMDatfLfB42,1063.52355505
SRp7Nbn3yUAQjWA9NLtX8AkjCAfzHk5Hiz,1060.72286716
Sgye748RvwK7zRFWJcbtFLprb5XAfjajFt,1057.30615401
ST9w5E68pzDPp6vXgCvvwBRtXbkM6ceWSE,1049.8
SVoe3qbdtRuLysXZAoo3L1nLYRFGT4sUc6,1048.45224401
SNbrx9mZ1uH8ebSWQhAaRen9TCBoJNVv2j,1043.83639983
SVF7hmEJV1ZnxD6tAqEb7QJcPMjBcB9bJx,1039.32756454
SgZefHwYNUZGNnopL6unZSxZxD5rsstUU5,1030.88656874
SQpXsZ3gGLx7JUF1KaJ9YKCQm3W6XLRLk3,1025.3975
SQRzTugdrB9Wp93egzZA1XuGw7N1uCW9CH,1023.39725789
Sg4ZCsRLexrZZN9hxRhVRPPJ9Ru7R8ntYM,1022.04322412
SdSU8m98zBMKjjf6usjwMhXyRCY8j6PZaQ,1020.25063847
ShXYLg7scmMiLEm5H2wCAENNJYKWzS1MjF,1019.8
SimFvZetowZj9m8Q1whSWmA39Uotq9coCZ,1019.53670179
SPitHDcu4mR7RV9wJsczGEzmBbBNUdrkRw,1017.7504658
SXMmih8qZpm6DYLsTVacBq62UeQtz4fYyP,1016.07567028
SeLvaMK4P2R3CMufht8ijkpzU4hbayHwQ1,1012.27376799
SWypKb432Vy9TmLNiWoimttUda4hKYLjTf,1009.4
SPvmqKsaaEXDwBGeqfuuDhmaGBTh6267vE,1009.0
SSKJ4r3eZZ4yy1F2TnLyQ4wPVyRy4XMFrA,1005.8
SRqGFZso2XeAzN4VdUibskQHch1P2QWgNv,1005.22365863
SVVRhyBLnWMoAYuZcp62BDjiup96TxxPWm,1004.28305832
Sb3fBgvMhXreHgCtLwHT4s4Eb234U7msqG,1002.05659334
SfEkaN59BTrVwNJvA7hun1c5ariPpCSh4A,1001.75730304
SejbSHCG66yqyeRuJb7PKU2Ncw3hCv1aR8,1001.71137829
SVJuCXhZWVrn1SEs2U35PYxWqq3dW1ZmzW,1001.0
SX8Ngo5gfPgaagvhjeqG9qrr5sNbVf7S2N,1001.0
SU2xaQjhQUHAAzbcxzMJdnSFcAiNjJhYec,1000.87521022
Sh6Tztg2etwYH1mCJ87V9X9Vcnax9WK1Gn,1000.6
SYp3ndVDUA2qHQXMstEYJwUe7mZAamEW3p,1000.59
SMXNQtFnWLu9LcUfe1YPYnRZHiRaKUMCKz,1000.19893034
Se6thoHtuTsAk8dsCzAH6thRHcbM5RZibT,1000.1871
SQxCWiLkqr96QzBseURiMyyGQ7r4m5UYQp,1000.16419792
SjtMAbUmoVGapB4u6TZrmDsKMdyHECXVmL,1000.157775
SejNtqRZSxKhegkmJp7ELBkciCLe99Zxkg,1000.09329825
SczeJv2pKJd2ZdngiLfWHRuCUG4CovPzgU,1000.0
SefqALLQnHTZc9ZxrLNLtpd1xmBe5eExnq,1000.0
SkFFFBXYE5PucaWxcxUf2kAqJCmyhE7F5p,1000.0
SUzBbmTnzzpCrDbwzCdZPdbbhNF41Dm8J4,1000.0
SVAPgHom9sGNExxiJu1ghuu8zNJ7byucug,1000.0
SWykn5ETRHnMd6RTYuTmwRZyhHFQHiEejk,1000.0
ScL2WkPB61ZD6HKE4vqRmmdepXb2prUqpy,999.0
SdNfngo1csmiMEsg8Zh1TQG2u2pH39pSdA,998.8
SPtcqoKEuPXiGgRcV5AAun7tbaD9speXex,996.98196176
SQjKNTPCbJkNrxdnbM3ivqKhxkzYyyRBcr,993.888365
ShxbEkYUCaJAqNLo7HojE3RYciwgJzsqtH,980.25748737
SUrt4ffP6qkp7r9ZtZFRNEz1WZRmsQU6QF,950.8
Sc12hVa1hMxCaFd1kyyXpBPMbWBMV34koE,949.4
SRHSEwUvNAawU4LtNioNGV12D6PJZgRBjX,929.996
SjVhjABex7sh5bcaUrTcgKUrJZp6p8kjGf,916.0322828
Sac3VwY3Nsewo9xGFn5wiSNJGR4HbqsRKd,911.72592885
SXozTZB68JA6RfncH54qNC7Jd1fYGoxNzz,898.66415781
STWUhopCbuhXjkNv2pALDJjGyE4VGnEU6u,888.32059872
Sd3bPDEJBPDwXKJ7WMh44LeVjjgVE6xGLb,877.0
SjkRN4byTf9hWrm66T1YRX9F48BWRNjiSy,850.36209714
ScETxCHTMe1qhvnizY9546H5RmZcUWnASf,847.62478834
SazwsFkxGuGs9CQ39J9qxYpwpSfZXHG1Jg,823.55094504
Sf4G4oRhooAJcDPRVgkNJL4uZXRkpVxMAk,817.64795826
SXqjRgLmvLVK4uHwn1CJWBxXuxDPmJQw7H,803.83604302
SZxu7CPmw66kraLh1LY2eZUPyi2FPTxm91,772.92933466
SMdqSqXjFKmya2DUdjmTYpBJt5554jCFLq,770.0
SZ5M99PAZPm2X8EursjZ2F1DfkS7AZ8TBU,768.46266492
Sh3aqkaTp75VoK23wFXgMKbKokn2otHvX2,763.3270706
SaNoKou1o36zJZEZrpk5tdrTwYcAcstZLu,756.6
SSVb8hvhMgk3fSYuzUoV861FHyg1irewLK,753.85754138
SRZ1UPvEtSYJqZ15WbeEBiShY8NtGSB3Qd,660.0
Sbzv5Wb7HakYUeMQmFFNEyeNjdCGZQDeTE,653.96170998
STdN5REUCViBKJ9pDhXqFzy8vJ43GMAqNy,652.85
SYUknnmUKVY1ezCzgXnLRevqiv6sP3FKi7,634.11206666
STMsd3zEYtgjRC6RMnNsBMkbFWByiNGjED,625.25390335
SkcYySpQTLAFtvddT7wuKz611xGwK9gwtC,616.23303000
SkCnuPe3XpKLhNByKb6ssFP33o79SDYZDK,600.0
SedixBSfzuo8KB1eN5gt6eWxovu93vbnaY,593.687866
SPTWbZj6fvbRnjshwSPQB6z4zuNWRdiQkP,587.20174701
SZMkzRNayQy9fY2Aa9CuvFJWCS2rNz6dss,565.21708972
SPcQ7cpXfG6D9BdfqyrfWn4mibHQBcpaho,555.52193167
SZHRUsuU6YBD2KeNmgqzDyWS2A6upE9A9U,552.5358119
SbL8t8bDBKzazS5twPwrdd7THyQ8SQbCKc,529.84699734
SUe4RLALDbT8PSBKoYnZyoXUCAk9svwZrG,521.61563005
SQ8eXkmQh9Nf4iG5BVSJWFw8i5jsxGMVW9,518.00706658
SjqKBAc2scm6rwn7jyEF9gy2YV7LSrNXJW,514.84055986
SPyRZnc6CzmnMzJVPDxATKXtKHXN1dPbR2,501.57879829
SaoiZBHkPma5o8yeFwq6s4JbBa8wSA22FQ,500.8
ScRGgwcbkt8ez8TCQMfEr2GFKB6nXs3E3g,500.0
SgVToP4G9iC9rVRmfiVGPJ1aRfpuxPiXhp,499.8
SR5VFS6LznstFo3VAotMBYe6KoDrcHrTSw,499.8
SSZemVv8uHWZBqvwFZNqXYP54UvQD4wtr1,499.8
SXgBmyszieSLKTZYTnB9dVmtGDgkpZK528,499.8
SWCQP4jRPHzV2DyE3WrVUJQ4rTupSfGUod,499.798
SVNfH1swFNewibGJ4gmXC7zNRtmfy8Yfup,499.6
Sh7CuC1wmFYo3tMYW2pzKKeKz7RFWoAvyC,493.898736
SgVqL5nrxAkq7R3AroGoVAMCAKU3oYSG3C,493.7789379
SXH5spD1Phj1g2QJDEtQL7Pbicdm93xckx,493.688747
SW68n8ZQvyF8K7DWLiosSpVcSKkvqVN5Us,487.67689
SfTfBQhsX3ePyqpfV2XP28YAZP2pdxrxyM,484.23505522
SRpwRPCYqCXh7PqTPuP2rzaLkTU9RUXHxm,471.74210185
SUY97fb1Xk7NE5DPSxGVtrNMDavbpbMZmz,469.73770889
SjZHRyGRZZ4vQQb6x4RQBqyUa5XA28nRmK,469.39047664
Sk5jbGg2V6xp22xQgCXuqCfYP4aPnfs2zu,462.54026343
SVh3cLdyTZzHA3z2BiePNC2Us8PUCboLTs,456.49624953
ScEBMzpYfNUnQ7CQUqQdHGkGFFcRHvGwC3,452.673597
SMraKqoh9Rk3SNPgboHYVhNRfcfSNRzZPz,452.3860684
ST7k6GEkyYdoxb93uv5Lq1r8RxCryLsuUW,437.62165908
SbEHWtMWUcEsQztJGAqTPKbGzuyxQRd3aH,427.877887
Sb8MNN5zTc3FDkP6qR8bJ99ruGPA7v71e2,410.03
SZxTnagx4Wku5WFJ9z9khyGKv5iXEk2jhk,405.384
SPiCunFXYxZudC3zgj98xtwumxdJor1DCy,400.215
SPE1Cd3fXbzdhNgZwyqjfbig1Uhx3axWuA,393.887635
SdQJKyM1f799kxw7FhbaXecngfjxdkyyYe,386.41846005
SXYteR9BR2ADA1YKZHSPy13SA3V6zGsbrp,378.65178945
SRWWayRg6Krn6b1wLFkzoyt8ap7p5LDzTm,372.92351832
SQMsxvg8FNrpdk5maBfSFbHjiGwUaLJXap,372.85208000
SZGiCxETYS2ov6doiLRE96LtTCTV2mRtTE,360.53778833
SciwV31kTkbkh6Tcimbep2YvRaBW1o7K8h,334.92951678
SZw4kKxhWx4xcse9kHauzmSWZzhn9bhrc7,324.75150833
SWfxZEqRXE4n2dQ5Ut7KmH5VEM2xSYhBDo,321.0
SNFcKCmpvhfY9SdiHePHHUb7nMwhbaNqUu,314.79248894
SR5UtgybNzqHusuS5kk6iZZ8P4BaRNLGRu,312.39582499
SXmFWUcJA6nNbLde6mmANa2AvoB4iiAjpT,309.0
SatanDCUgGoBvbpqL6DPJq6avSetg6xQLp,306.46082164
SMvA3MGJS5GvBN3XE2FxX1cVCgfogoh1AL,303.97089962
SjdzrC64jhbfbqoRQxbLjjoTPbUKsNcP55,297.72632999
SPQzr3nsaWSxCtrcY1M7iwwaUz44DoLNof,292.09649001
SbrbBKochsSyvUUs8ih7EMGQWyYUkpfHDi,291.54680252
SVhTULydNDTnhCveDybZXxv2i9szW2HmyN,282.50151332
ScFRBL98SBE5riEBRUodoYhnT639arLTvB,282.15652062
SaZ8yZG5zrcozALmuh1zNvJD1HpSNQZkus,281.70155829
SZQdM7ibEajrCzDjH9bXapNrz6doqMaX9B,280.0
SbLwZ7X7FVGt3yMXbTwsZoGuYFa8dDLk6q,273.71486778
SafNyqx3wGmDT3KZchMQBD93kqBhinuaZF,268.35769231
SQpvjJNHwEFtxuhxduvM72GusvpF41o2Hs,266.50028998
SRFMGWAfxsZFZjsY4QN7Uxq3mjGmi4JYST,256.8
SfNY9Mk6nNwzZuZWvHLxZUQDwsMXq8AVJL,256.37030832
SR69KUjxZGV1t5aA6TLEnT3TKtYaSmQeFB,251.27997669
SYJQStapNbUfUa1qHkzh2VUMZAz1LNb494,242.13391335
STm57Hsdq34Z4YbeBGtGNSLgN8aD68DJF3,240.77239365
SidyBbYLuPhRFZ2djoogxwth3y8xNHLaYJ,238.948625
SX9QSGoDuTh9eWTrJQxFmr9qRd21gnnu1S,233.11555667
Sa5S8qTkLjesiQqTtJUaDMKwnowwXXT5oV,231.74265667
SdmJeZ9ZVBDs3MoKi4uMyFYLv3JnpxP2TR,230.01001616
SaasqiwBjj7Eo2YzE7uKucUcxHqf3MjhCF,229.87975835
SYSbdSdtdek926SQ3oPrbBfhpdrKJM8F7P,223.93286834
SipxPo5WhWmbjZUgdKesoHgkJqfGAYRDfK,223.8
Si2gCdzxirjHVzM8sZgtx2dpKu66J68mpg,221.8
SRGmhQU1ju9D4y31mEqi6QrTAcqcbxHun7,219.8
SbD92UkdAGoxZC6UM3wXWqRfdWsJH2uieC,211.84006625
SPYegCJ7JgMXHtgFwpPCSpMPSBJRvEAeDY,207.17741539
Seqe4X55o2JfdFeMBbhSsNVzf6Ub2m1pQC,205.52733168
SNvdraURkoYJnS2smZw1VMw3C3o8sxspAY,202.69763498
SSgcvxRxx27oQMg6xrEstWEo5CQtgLjz97,202.44717168
SZd9BLL3bmgps6SJ7ucDmq5JxoaBiZN4c3,200.0
SQUTJnRu4X1fvHR2qBAhb96HtT6Qbsd6zH,199.8
SR9xYF7viecj8DHibTEP3VXSRZUrxGK2SL,199.8
ShUcFWGUFGtdkZAVAKU1A5YXDTYJMiQb1L,187.71
SiSvQg4872YMyi1taTarLuRfhv6CcvT9WP,186.0
SNXwW65eSW762wuCVNJmv7tcAbv4f5BMab,175.42362167
SV9gQKfw4oKv1W1WVrEUCHBLt92j1qcpQe,170.80028829
SNzpEWYSjEw4nYTBwJCAQN5u1EvaF6dRcZ,169.41112166
SWPmu6e6NuDzR5RtYDqGsT6uaLjPVnuuk1,168.81
Sif4GSZz7KotNRgAQsstRZYNmtimQer6AK,168.60929289
SjMN2cuwnga913uAdHqux6emDj8sbvvrRB,168.16985501
SZZ5bgCzsiGUmjF4Mi5fYRH6Lr9RQas3qR,159.9
SNsKWC8P5HrMnSbCSZXKo78tTLiXWH861K,157.56755834
SQCjTuLEnJe2dstrLSGkfhdBBkd9efwi5H,155.61625501
Sg3rStd4TbiXnoPxxJVsUXYaDhuKf31kbM,150.69278666
SbKZzL7ReGfGM5WvazqNHgGp7HwKKWSgSa,149.8
SUQkezTRiiy6TbP1RrkUwdH1nebH1rrVdt,149.64399832
SPCiALEAzGPkGDjHMt5wUqKw7sghJkGj7u,148.68281167
SR4xw9ugFRqe1U2HwYoCdjcPdUt5FYr73D,148.1568904
STmEbEPDz5379PKRdv1tWL8SbWUMRB3fHo,146.799365
SP5N3SzDz7RRt3gHpjzuPefjGakRqSyjFN,143.36799951
Sb16sRoHDvQoV2xpR82VdoELxa1mpdkgn8,143.19759835
Sai1E8U2FH45jWmiojRSRD3N22wSUbPATH,139.00721091
STMwVvrGhe5YGq3vW4NA2NCorr9mn2ahb4,137.52532805
SXMwdwQXbhELG8Wh65kYL12DvKXPBZasxF,134.52253834
SeJQoofCsTSfrrnYtbPXrLcbbp78DNuWxS,130.77453832
SdSxiUWncLf47KNkjEiG1wieb2hEKMxn9D,130.6
SafL7WvyyXeXv2muJP3r7bbjemwtx1PHJF,130.55311167
SbDGiLncoWXXBQaUUSWDhYPyGAszKL1yUD,129.80005999
SY2GY67nKCrjeeNBakAdhRKQxe3WGUWJ9Y,126.50307001
ScXzdLHpBfyLYKcTntihntKJMhhZDd2HMA,122.44872669
SbspLHPVosdt1RcmS4nhvkeakgtVyfbCvB,121.42697833
SMihxchkGCmwfe6wAuAwNEo82Tt2ufp1Gk,120.98684500
SRf49hvyjStiT2GGsPqcryCXHKgDNoWXbn,115.12481834
SePGZyZURd92ptMAjsgDRZP1FpkN8krLTJ,111.35018834
SbozAQCooDkczUrQCcoH9ZTbNVqphBvrLJ,110.98258334
SesrZba4y7UtxnvGFsmPtJf7Saj1H5B3CU,110.42002832
SPnZXGYB3ApsqDDgfAqZTCrAsAN4tCfTfg,108.86047913
SPLjqRXscbQ7CoooexGQQurUXyzoVq4u1N,105.88127239
SXC4YcPQBeKc6SMcx49QtPv6r3HV7rbfxT,105.63358409
SUxfWU4xFm5KUarc4zbxJJStw18JfRb5qc,104.92022501
SS1kSybbe9KhzG1eafoP44VeEhQTak2ef5,102.99089694
SWRr9K7ondyQbSGaH7yBJUC9Wy32mDNCrL,102.19289499
STRdEizyPqHSE5DvsstULcLsBo84b3nG7d,101.15622318
SiGHXmnZcHobcP4E9tVUWY8THWojzKWzBM,100.40069323
SPGdGfrxnS3JYLWtuSGdQahWfZpBELy1er,100.00622318
ScwMkt4kuwHfr3CG5vrPpBXv3G2Z5rHmQb,100.0
SguGH5EH5UAGmLrWpq89UTSBU6hZS1yULg,100.0
SkYshojvq7psMb2qqrDcB9vuFgE2CG4ByS,100.0
SRgFCzSgidCwAe8i6MYz3oqMx2RBvwwU1h,100.0
STyvqr2wJV25yascCNafQzsCRY3m9Xhymn,100.0
SjAA2ZvXuuQgn4bFnJESuaKASczPBB57aE,99.8
SS7uvQtKBcqhF5fCo4jpjdF5uewoZgG3pk,99.8
SSKPEEimLkf2EDCjYETWQq6J8qdj2xeBJb,99.8
SWWPwv865aQV8sKdfyAmYTTZDee9UmscKw,99.8
SXBwMHij4bmuuEqh7it5cXZbgTVqrSq9vK,99.8
SUtL19tQAa65GLh3YJBghxUGMaZcU91uhY,96.64755038
SaC1bFBQavM8k7MzVwJkBJQScfrtEws9jJ,96.0
Se48EGTP7XptWu7h6PrGfPZXrDmtSJD3Ao,95.00128963
ShjYLJGAFBMP3X8oMAzxFTAQCQ9p76gNzz,94.15795001
SaQtbsd8vTMtxTTzVf4uPXNUzMQGQsDx8P,90.59235334
SXCrM8fifbFgmFLCETAwdrpJxYKehV6NVi,89.06399524
SPnJx7HpurxR1Y7N8hq1dxYLBv9D69zYiq,86.65856166
SevYmiwVdGNQoEo4QCeKmAmQZuyLNt6Vja,86.33844500
SSF5uaEFJUVggWtvDookqV8H78QPq4y7rt,84.26035333
SY8vXtafYSLvmqH8qQCuHAD61kh7sw3GQ3,83.51370502
SW8MYMzU8ECS3mMcGD4WzFJFdbVNkvSbHH,81.58110667
Scmhgngf56XMEnh1q2KgM7k2SKeFfpvpAF,80.0
SYx4wNnDq9Sh5JHMGtnCvqdfPcd5dZpByY,78.33638318
Sh1LcfBbFKrmyFudAKZqgpLoR85JboeUfJ,78.23897166
SahBWeMprA1vW3LWsVQxcCX9N3awWJ1hz3,78.0
SfTBrACCVZZw7eW3UV6kEXCSH4LjBZxeXi,76.19423668
SbWjeXmUfqXUpqrmKNyP4Hd21oXWdwUhvg,76.11221334
ST5nSHvAyeyMNpQ8r8ERAnXhyNrgUVb4J8,76.0596725
SQQtAebpwSNkxhctK1hkkJtXXFnfRe3TJd,75.54451667
ShePKBMMTzPscT3QBMEkWCDhYPRcDVrqjH,75.35040578
SeRwBVgzyh5eRkgvtr7DuZCeP7vegETjjU,71.2
STmVWPT5fg6i39GmtMbyBZKzgEocx4EA1u,70.86809443
SN33h37k7TV97QvLbj7iLbihN9SJrHfFWH,69.22254167
SRVzXG3hhLM6txdSKkdmmTG9DEgWKj7r8Z,68.61880001
STHueBBwbYMiYxNr6761MSA8tUrwFY5hh2,67.41581166
SgumDYwzMk36iXh1x8nZuSWcBvXnJokMvD,66.66536667
STcc7ib5VzGtVVwTeD2kdSX6zho9RAzMXW,66.665
SNuhnT1khC13W4N3iPGaYV33Gc6tQtXao3,66.66491667
SayVe3t7zFNE9VHzZsMmNWzVMG3PWxFT1Y,66.66478333
SUs5nWs1df2nyKMmj986L2orY7JSucU1Tt,66.66428333
SZj5wrAMA3Gg5CadS2pMjm94au41ss5h6F,66.66421667
SSRnWXpwsmuxjAZoxjSuJ7hcDhWrMqyTJQ,66.66406667
SVcwffV8pHTFefNgW4oJ21NVg3smKgHCGu,66.66378333
SffSbjsKKnkHdJRguUcmqtRHh6fmRcptea,66.66376667
SdZTvWc4ZQrfMAQWZ6n6h3E3cr792w9pDT,66.66363333
SjTuFVsydKs3nRiN362NYdhJ5BW9uKZjcV,66.66358333
SkVavNbxHbHwDtfxTqUyq8QwV4GHyTzj7j,66.66288333
Sb9rWgJKPfZeSK4jsat4SwQSnQ7eUz1Cs9,66.66158333
SUnWNMmfs4VDVX2ZmRR1PxvLYQp3Vn6Jpx,66.66153333
SkTr8WWuwd5GXhVWdHBdyBBxpbZYRSiYNj,66.6611
SVkZkg8BuHMTudwTcAC8Rnj7gn4rpdJwaK,66.66096667
SkavegxN1KdatMNjSZ8maRb9frdsMWZNmP,66.66095
SbfDputVM8QBVYH1eNiuLuXxjDQBH7rnaP,66.66093333
SUDb3BEz943jbB4ea8KFHkS4wRCWmx4NA5,66.6605
SbDT5yu8keKoVH6CCaodyC8URDjqNgDynR,66.6602
SRRfDFC8P427tSnxoB6w4c5qsZedqTRWE6,66.65956667
SRY3c6ap1TZZVs6kJQ1MBVVgkLGSaQmCbp,66.65918333
SXuqzeU2jqm1CbyfppgERzNVj3WeD2Qy4d,66.65888333
SQbFNPoizE9YukGLpXB1hM3NWEiuiVgJXK,66.65273333
ShsWkPqCXwH45y4R6Lye8dsewomhqF3EeY,66.6439
SepEBFiQv9So62rvmyiC8un8BmChSqAsht,66.64048333
SbkDTdG1weSX5EC5zz7BPRRXkPRwhaJmWL,66.63885
SXzjiF7Bu3SrYGvmJskvQHgLxMPg625ZHD,66.63755
SPfhAhJzVFGrpKGrzDrxyqzMwViPmX9gpA,66.63495
Se2XDu59UwL1RQNVmrMXKYYJzy8fJYcacf,66.63493333
SRakgcLHSjfGGT43DguP9Gd2nYmiV7Jaab,66.6345
SYfrXUrfDWYYZrF8wSymmsWuiFKKfnsJJo,66.6343
SNcUrDrCv9QtNH29CKr4Bd3RokUbCzFbeg,66.63416667
SYe863z1t5SiNYgj6SVpYLD7z5brgf8pjC,66.63413333
SQEMNQyHXG3j5dSfXfKtQEEcdbe87TGKxF,66.63405
SU2Ez5v5vC1dFAmCy76Ly3SBmGtUgx9Yxj,66.63328333
SjijRgbwJ1RsqjjXL11TFmhBqX4NBxoach,66.63325
SQeuT8FW8cgRALuLh9qrrj6mxUt1izxDLV,66.6332
SQtth581CRTGTi4fxmtiXbsNR9Uz87DZfL,66.6331
Sh1aJAWDrJyC3bA4vomRi9xeh5i4NKsAf2,66.63215
Se1TXXXoHapT3Mbw5KtrLLCaioYBRyhkEY,66.6321
SgPmQCZRa75zEhcGnwqpE4dcPrKcdZRusT,66.63103333
Sb4Sc7CHG5tVa6tHUayHyhR1tuyMni5gah,66.0
SafAR7ZyZ7oe6QGFyFM4pYxJs8aeSATypZ,65.92022000
Sdq1iA9UP6k2Hzsw6FX1r1yASoci2x5eb5,65.01743833
ShXNrs1A5tT6GPuyDDHSGLkRNSMHeDuqB7,63.24414745
SPzJyEXHwwYBQqPVvH8hd5jupTL2dT8685,62.65956333
SaK1xXknNWSCrVsXetoCFUfbafY1NA4FG8,60.84296
SSV7yzhbTbbNh5vfjPXviCGGb9vUj3ypo6,60.0
ScuHuvSvf22LyLkEG2h5Qr9JVkfzxTuvcZ,59.71661167
SMP8Xh5X7XrjLYt7QhqaW5usi8noCTG17S,59.28
SjMihKhaYpWX9gpkMCKj94Sc4opdNcwACQ,59.07181832
SToB4b3GQ4XKDvFyZHTYQJYi2aW1kZ2HMe,58.9
SbMWJV19JoEnHKd8NqYtJ5K1qkgG2jNZPH,58.85211000
STpMkwnzsw7J4BwHB1fv33zSuFHUJchYP2,58.04401634
SVPoEsE2UaiLLPiJz6ehQMdasbmaaVgT1i,57.92218834
SWVkQZep53bBzygS5yoK1yYnme5vtPcAbW,57.91270832
SWY1aTKBUX7FuephP7zZaSdDxwMTFpaLVY,56.62448499
SQD2m982qNyea5fCRYcJ77dgxLJQxuZg7W,55.83349001
SjrEYMPXK7TpmtVEqpfa1ehXjqz8rZK4wJ,51.31506999
SXx7AMAVaPyazRYiEc5824sHhXp2hsDdEw,51.01514833
ScZgtMHZj3XBVqPk6QmwhdJMFDDsmRCGjN,50.3541281
SgZR9edTx8L9JXq11dZX5Jx11axdLVx27r,49.8
SPqLzr3yvdSzyRMjqvsAemffbfUeAFj46M,49.68387081
SgXwyttYUSwg899Q6Yp3DdbGnyhRR9sZro,49.59522501
SjGZYcsT7sGyMDJS1WkBus3RKztfh1Ghcf,49.52145665
SWSwdfAv7Z5Ln6PJPaeWywkVcnmaDCpELM,48.30222826
Sc1HkWW7RwTCkbssTfvpKaFrpYkHVbfzXM,47.67366552
SP3BpUbS8vavzadbNxUZq5NLmz3Cmc39vp,47.18376500
STdfjnFKxZh6p1gyZMFqz4ipf5dgrZ6nPD,47.12397666
SbMxu3c3SoDJvwJxKGjGYr4CnP3cjLzm56,47.0
ScuoEeBp7nKTG9seWjAawybC96fPJAeHe3,46.19516254
SVtWbHrQkkx1r5kS8L1nk3mdrkSXc4vCGR,45.74642666
SjmP18YwsoRizRFmgTzzjUAhRrjFTbQQ6D,44.91161001
SkJfFPLi5ASvEkD588NhHbtA9YQ5vDyczn,44.82061000
Sc4Ad6FUBuWAL9tagi5xFirFWLiP3PcEoK,44.19641332
SZC6rFkpjHQgT3miFbGtUAVAMBYHHBMcTW,43.94581000
Sada3uuWch8MgrSnUyBqoMCeFJ74hrEfjp,43.8212943
SRSR58qG6oGKk3Gx67tfrvFn2zd6U7UAuR,43.55562834
SbbkyMbeih1oQq1YTe8RKSMTpaDD7Y5PCa,43.21364000
SjzxqtVhNCTapwxGHpsrdexTMAXDmNx64P,42.8
SNqfjvevds5V3o37wQGsPyTtrKg5euAwbb,40.99782334
Sbn3ULS1aYyiAVQYP2CK6kdogLE9kX9cmN,40.0
ScCQunXDbmgUS4Y7BJw3a2aawSRqqNACAs,40.0
ScWHci2GNDknAgzovLowVqioNRdnMw9kf4,40.0
SdLi6hZfyXpBABAsLEp8Vkx8WHk4Txf3ir,40.0
Si67PPFFR1ydLYvXv8jkuvJh8fqmkXQHbk,40.0
SkANcXyUfgzdUGSyX3UUaxBFRKkYSD7jFk,40.0
SNSqGBDV8cbVW16nuj5fsBPrEUtEyUqcor,40.0
SQp3A2hgft3jDsMcf1pAGjwJrewPWi3q4p,40.0
SQUWAMnQk1UW7aRtrd9dUggs7cgydd9kPL,40.0
SRBgidjnnwhHTzQisX23hnPgY9tG2ZuPqr,40.0
SRey1QcXg6C3eSLW5xFkxN4PNeE5depfsy,40.0
SRhvjK6orxNFTQMJ2auYzCGvUP264ZA6ok,40.0
STw3aJJLeEbMBHbDQpgw1sdvdfceEgRLZ7,40.0
SUjj1zYuTRbsE8G5oVU4fHVU5B9pNExEsE,40.0
SUjNb84n26CtYxZFmvFxD9bcXtoXaG5fcN,40.0
SWNeULb4gsZDoqupM6miqmSKTSgsVru2Af,40.0
SXgiXGCTxVgV8ZjisHYSmjHyXXAcrYi4ad,40.0
SYdQTVXDycFitewfqZ76w5bWNQHzuaNNhW,40.0
SZgqKtmypzsS63otVBApKjArh3PPNrK7kD,40.0
SfbguAg9eAJVN1g2spouyDAaCtj6qd6B4t,39.8
SddhjMg5o537cpycWNuvmhoLGEBYVLWjoY,38.35069248
SWyEv93SfAFeyaDtHQo5GjjvKqiizVVqMW,36.19603714
Sj7bBZtdEy6EZ8TVcKiYfyNAQBCyKkuv7i,35.48538000
SRKVgx2sAa9Ui9h4hWkGrZGAVqudW7b97U,35.33412833
ScgPKz4qCgW2asNyx5mjaHCbiT5HRTuFdt,35.19410834
SdksV5rcz7sL2JrP7zAgpJGuUhwb6uwS1Q,33.6
SPrzocTxgA8ciDpxmbgApnueu6wMV8ZP36,33.45248833
Sg8zFhPfCJBDqGf5EQTLKoPQcy5LazfcDo,32.02398287
SZ2xRvc2KBCbVw37xozugdU5SnAMz3cfer,31.86004001
SStLEuR12AhVRfJZe66iLtKmeQD3YtftEH,31.47914166
SScWpFFaak1vtyDpW66n3SrTVJMQzong9w,31.37166999
SXuNYD5y2L4WNQrJCVek5R3AFxU1H81v1F,31.36780167
Sf5ZKVDN8ZwCaZJXng42L87C79Ub9fnNVT,31.24127666
Sc5KxnJ5A2YBvD3k6uPQ8JQiGxtWJxvy4S,30.0
Sg2YS2qRSR6PJC8SPZMU9rDwpW8c7ipv12,29.42731667
SbqYdqygpydyTTFYMp8aVsFzcHeMPkrmr2,29.2850217
SYixVPZVKpxgJbFjwufD9ytAkhWYztfhn2,28.06437501
SkRjm3KrVteMjhoxHpxHz6uy4XtaDmsRCG,27.5485924
SiapitATwLifXfPAMjAqjUCJF66mCTMW43,26.90057333
SdmLHaXfP1sSKmGqpuCX9KFnQKKb2oX9uQ,26.67523508
SPHyZDfrNwgUczQg8AK5yENxgyEUKgUbCv,26.11631000
SPhW3ENaA65tEJurgvnTEkfb4qYuu78t1p,25.64340998
SfxUpHYVdjcMMnu3RVKrTJLRDyZHWFfqni,25.39177667
SggxSFLHK7MPEzdrttLeqUQv3d1qf73c42,25.28490167
ST9A7hMJyjyewYBiLYwqqz1AXybXGJ3wmT,25.16580737
SZvp5HftBYfgJLs2DNKFPeEzgbCRYdMC1E,25.12961833
SU16uqocr3QqxMTnYRT1XDchpd6hTRmiq4,24.81163833
ShdEqErWyisS3sEWNUorx4L2EAvFmhHzsC,23.55775334
SUjBBhvwM9MR5fuqQYWm28a5LD4gT3yXE5,23.54368835
SPmfZvwefXWdL73H9ErnAi11hogVnG9ZzQ,23.34486833
SdMRDwdYUadMDFTAggpQuMLPeRJ5oM1soq,22.13323428
SZ5yfzhrzjnQs7FpPLTePwV9yxWsAsaPZh,21.52922333
Sbw7xASTefSyvwVreHTZjW6AYHjc5TD3jE,21.36224364
ShawkA1Lp5G1obHZWtEvJdndxJWWbc9Uv9,20.0
SiVgAYE6XZmPE5LUXdNXYXhZHsRand4WBX,20.0
SMyeG7QNzACyzKSLWWbUdMTgecG32jcUzF,20.0
SYgB3mo13NpHQbMaScH37CiybdXEaSYVhx,19.8
SY9JWS81BaFmMQkm6pDv17Xu1LPQQ2omWN,19.76010594
SNHvqtFFzNtHYo1rMRWDEFco8nUH3RRiH5,19.72564832
SXwDYAYP4haEADbKZjuLVdVseBwHQ89FEZ,19.63071834
SWeMNYdSLcE5ftUzNquuQP75RfaTMbT8Kg,19.63062666
SXfNAD47Et4V36sAgcmqK5NTPQpEFq3xxQ,19.58700000
SV6SdSbYboEw6SowtJwe7VhWAqXNJcv4J5,19.40111000
SkHHYA7KgUgSoxJMxPB3FrYfkKriez76Ei,19.23273833
SasyuGHY1hMN9cVZ7JLZqVgXD1u6tDkL6c,19.0
SbBLf2g8xXGRKAwKvgRmTbHEfwYh5UzP78,18.78830000
SSccJMp41KFG9ue77XsVTy2TUaPsu31Y2S,18.75395833
SbmrbXgpiMhWzA6k3SaoCar6hEgD4mj9EE,17.9209663
Sk57NoSZHM1EqztkPBKLEPPKHarXWJ7cc5,16.61093000
SaDX33oEQhH5AKNVVqbRspRCDPGC2ujASU,16.23353167
Sjc2TDhScmHt5jVguogvvoXLHJbvsCbg9V,15.97187167
SNY3SnhXCov8mHj6d4RBP1CMkmdieJ4sZx,15.88420833
SUnuUNz64SH2fRToTuFn1qgnKGa1sjGF3w,15.82897500
SUsW5LPt2RhBTZQuvPct4swukXqi8z7g37,15.82477499
SXqm7eHQnTQgCVs3s2qeX3mjESaZaZB2zU,15.82362333
SbtvGBYNLMXdVWJaFW9o3Ei8YbYsXdGUp5,15.75897834
SfGCoZv7bAAx5C1xtcMEHGZ9v6gSUR87gg,15.74746833
SVjXdgbBXPdUGae2VC32yzSHMWyTPQBoSF,15.660655
SSxZp5t3nLJNCHP8qqFsacGe4dB9kHiC7K,15.12281271
SPa6h3s5pbjm5CCSjY4pTXj9PoSYRM8wT4,15.0
SQwCQgdkELGS1HV7Lv7uSjjVJcVvMURkbo,15.0
SRsqjJJkMPSf83cCmdZWPw7cxiahe6iYnP,15.0
SU6qYH3Z4G16Bt8ijP2uYw97XfADk8P3Zu,15.0
SZT9NanJGeA1Zzs6t28Ghv8TcNkEXe7Yxf,15.0
SP3HYoAFrr6kgctV7gtADPMtkFU7MAKYVg,13.023375
SRWxAu3dGzvT6QZjDhvhZYNEvS5SN3Fosb,13.02196333
STftY1ghA6tfaidc5mFt9LRWyV9oy7BmpV,13.02194
ScucLEAe5Gad32QqqCguEw67D9Tyi8UXuE,13.02137000
SSk6ZeRUFpEoZfKFdPazLqA1NfbY7a41Zf,13.02038667
SQHnGMPmmUTd7WyULimYSt9aXVHLY5CDuW,13.01890667
ShBRVUxZ6RrDHhaL9xVLn42J7ApJshVMGM,13.01873000
SXhD7Xg5gCTcRrKzG8oRctYT9mFNUzGFo9,13.01553666
SSHrPN2tvtMfbeMWn8xnaqQbL9yzJ1hnc6,13.01495167
SV9L4ZJ2rXgCgvHPAapZUUjrqDLqpwVmu5,13.01404500
SdRULdk99tt6Ef1h8Jcj5C2FUw4PAreibf,13.01265333
SSjFXNNw1GV4fBWaVT22roAdinN1tnqLkG,13.01233334
SVduWMM76ydXhC6mMNtDNZcjwnsqPH7hEg,13.01170000
SVdwKJC5N1zqYU5yZUg2rePodh7QWJm5Qe,13.01087667
SZCw6Wb7VzdQFK2VobpWsAeBZjAc3LkXNF,13.01002000
STgCxxM7Z1FaB6baqMbo62LgrvbvjnZ2Vh,13.00991833
SWx2z7myKYzqGE5TMdqSrL1MEa1sWxCpPt,13.00967333
SeokcxTvFpkeD3iZo7A91o4hRVKtpT9Vv1,13.00880833
SWpreJEWF4h7t7BXovRQxtobZuemeuy6Go,13.00755000
SgkW4y7SZJy69eqJeirx6VC5fXybEvAfiy,13.00738
SbLReEfhRdRYYbm3v1ULnxDbzU9Y3qyqc2,13.00670833
SXQKr5mGEUxRj3wukt1EDiDtXYgJTekp3V,13.00304000
SPr7kfEBCYGGUSe7Mp8rFw2h43WuKoRciZ,13.00274167
SaV4ZwFEDmcuvd72ZxXffNWN7gNPFi1Q72,13.00239834
SZBt1ZZguU3xVmPtwgLwaU2DZKuDqn5Sf4,13.00231834
SMecy7XST6UzPZG3uQeBdQvobwY5fqCTeW,12.99941666
SZX8fGmpWhnfmVtQn3tJ8ZFEtAhKoLthYC,12.99613666
ScfzNmyGa6zkQgvc6b76sKZMckUTG4QTJk,12.995845
SSMcn91k9hGS5KJs5zJJFdYvMkqKejCnX7,12.98370167
ScYNp6DszX2E1of7A3rgchxMAGDd1Erpxv,12.98238667
SVqENeAya5GuqrgUtrZVxTdMUvUW68vf6G,12.98128333
SgVaUG79ZuCYL9EUdLZm8ciFsehGDAoLj3,12.98115334
SZPVGv9huQKdNNKHFQPsRxQZ34RdDwEnU7,12.97570166
SU5qQ4fGZMNJ2r2vyaBYFZvZrM1DdLDARH,12.97076333
Sd3ijvTvQjyhr1wb9o8P4T6Cyh9QoXP81h,12.96944
SUP4aiTkswWhQVdVKj7KU4htetuxz3paa1,12.968510
SRLTB64riFkAPD5rzgxfaXdGHPRAxC4QyV,12.96368000
SXw9Do6HS6efcamys3ZdGQvtdzT78QpvPV,12.93557667
SfRJzJh5TJ4okbJezxr3mRgfmYCj1HEYd4,12.93537667
SUK9F2E32z4pgYEXjgBcxao2m5jiFe9i6x,12.93320666
SXWorE1atGxLQ7iFQeMBhR48Y5Aj16LvDn,12.86359166
SfPw155Gyh8XFfFUQb1v21rQw1YBTiq5FK,12.86258
SUpgCHb9ZGz6LFvmhdy8HpuUtMQGUnHCzB,12.80044167
Sc1KMU4G74egsBFXLMqZk78NgLt86frmtH,12.77024166
SSYc3ayDAtHst8JBGvWXH75tpZsWtivQan,12.76991167
SS9xqSLfzdaP8ZqodBVvaTPMrfggzGG9T9,12.68400166
SQnaNCaXMmupYoSfWUNQi7zc3Ebws7FHn3,12.67592834
SQW3KaFzda9fzXMwinBmQ7VPGDvtasXLPH,12.64661333
SavJRMKR6Zn15egPPEPWM7Mza6xcNtzRVW,12.64119833
SMvrL5Us4XFxBxbqk9T3jVDcYesQitxaqs,12.62619834
ScJaodcYtPhkdUDvgNhj9gcZfY2ifdsr2N,12.62250833
STiofqihMhVnC5xofWryeUZkd5BPNLP59U,12.61516333
STSriwbhScPaKBAzWUa94cq3zGjj3hG4qW,12.61482667
SedTqqhhjSR4QFRRMPJNrSocE7jZj2LMjz,12.61159334
SVZ7NDj99G2j14N9mWvtvhhqwiLpTxHdNT,12.60878167
SfquqFT5e7Fo3pFe5xhqp965VoCQUeRVPS,12.606410
Sg9LaSgmG4h7xLGizrogPrNyWXeWRSMjkU,12.59896833
SQdKj38gsN6w6byNDPjcW16AXHhpFxMkcz,12.59735167
SUXU16JYqJLYMhNGsKY7Gb3cpGTtu7wTq6,12.59313333
SjGhH8zXBTvb4FvTFWsF9LKFr7zyctmh93,12.58557000
SSZuALHzqDYSHiqJHXW44CGiuhUdDFQ9xS,12.58517167
SRqBY8gB9iVsfdK54zbd7uHPmxXFEsYNBK,12.57859833
SdXPn2M885PJssJki6BQCjbuNzWZpadpvZ,12.57107167
Scgqnct6ghHnVabMjyv6J6LUCbSijtPDGm,12.55691167
SfgwbbUFznwBnGf8pS2NsuvBFrkmMWxnUS,12.55214500
SNZTUjwXDzu7EQ8NCnDPaPwYDYrrKMGRXv,12.54986833
SiWQJBATnKTDxRSsLoMagnSyCTpe19T7SG,12.54896666
SaHMXCV4o95PMYhxzqEFATpiZoSLGR81Nn,12.54775833
SNibJgm3WJk1zuufk8GBUHpkaHTRzCkHBM,12.54730333
SNmfBxoftxwxVTntZQszLCDdZB2ddBPaWz,12.54412833
SfDvGsV3GGJvjE2HP2VHhhikVRDda3F3Ti,12.53827500
Scm3EsL9DepqRA2AgXeEb3JbheFTsnw1Zt,12.52226833
ScCVHWM9ddUuouBum6rZBK6BTf3eTmzjxd,12.52022333
SbwvTiPRTFKxduWhZSbBCMpcFq5gzfRgy4,12.506755
SjQxZ2vRhpMhWt7K3wVoF2F5NoXC8osrZJ,12.50143666
SZL3D8qgAtjaveYdTMLJzbiAUpoHoVqfQy,12.49419000
SdKj5eWKqzLx7WCJhRYbWSUH6sMb5GnXtn,12.48930500
Sg8qtALqVyoc6LoKjrLoN3QhkhJAU3n2Vt,12.48823833
SgF1SqUdrX3dSq5XauWCqbmpwidW49Cp5u,12.48517000
SW4bxDEmug5GtA1p6gujbu5oNYYe52LPki,12.48417500
SS4PieTP3swUZYsZRMmudGSyGsRubqoHav,12.47929333
SScnA1tTQN2K5vBGjrrYfQMk8HoC31ecZ9,12.47846
SWGtfa4uV4FpwzyLDXZKVjmCbyoNxBcMAF,12.47733833
SarwgjTY7LqgK1LzFmdRTfeF2FRFGNEsQu,12.47686833
Sig1TZtk7rmupjstqbSbau2sBooCHLUUB9,12.47670500
SZtr85Qm9kGbkB8AethPhKmcRp5N5tsrwR,12.47171166
SRyzkEzEXnuXPXpkZySkZjx8ngTuizw1Ny,12.45171500
Sg6DZ8hEUsmNvwbShczhnRG51SZdL5uxqA,12.446910
SMeYm3eceW5KZKGFV8kYkV5Wxs7kcY7ELY,12.43871487
SfTtt7RruZXqrPx47GsS1FLhCo9HL8TWmW,12.43239834
ShGJdVEf8bcyL8SeYpuDAhuDWvPwuYHVT2,12.42337667
SMzCrZV1knimcTUcJJ9LUKQRDgeEoWUYCE,12.42317333
SMzW2p86bqSEwiUrkVjpvCH8WokaNEGjpt,12.42074833
SSdN7AcBh7856M3Bz6W8ucssgRqkAzWEtd,12.41296333
SVqqVT989n3opADs948tpW3gyFJYv3Thkm,12.38822666
Sc91Uu7T2bzjsmL8pSELxJ4w9CmPpga3oz,12.3456789
SVK1Y5r7cJAAg9LNTw3A1NKqEMcRfpr8Nh,12.34263166
SRrGMaGsiTNSPaZZ5sHh6BbeDok3AGKvTv,12.28911834
SNJF1QneGkt5Brj9LRGvvJWZcveCXqX2yY,12.19965334
SY2owUxrCLyDFXq79g78eL2TV5SYTRS56E,12.11526166
SMgWaq7bPLWDLFPxuLTEfEnXRhgn2seCQf,12.04337333
ShLMs266Z4K2WkZhx5BbTdBwpKRPUNUNcf,12.03347334
SPhkqrjTcMJodGkiPXgTw6ok23yP1GmWA9,12.01
STp41wnTrn5mvDzorkAQmtGFqWJQ9hj5YT,11.91952000
SYBQq72djVpcjsWj6arCAM8JPRYAU1y3Lr,11.91459333
SaJTu1JcpLevu9SBBP6ruSsnfU1KWAQdpx,11.89926667
STxd3sx6iDhDze8Aj7SqwgbSxiiXoik6t1,11.81601667
Sgi7XKV4VZC3aQHSGbdwPxRBrwF2uavf58,11.81582334
SRBJC59YxU94QQBebHBkLYAoXe2yk8vpds,11.80933333
Seu23vJPQNaT5K3bgyXpCCJnPSsG6kFPbb,11.73620833
SfVmj6mVP1Xotzo7Py786btsPkJjq4znYC,11.719530
SWVUyfuL2USFFFJwbymJ8nGxBYUnpeUxB7,11.71795167
ShqY8dFMKe8P914zza7VCeMoAieEmZYGTK,11.71539500
SVgFtC2TMYG1FTAAEsGuLj5n9khXhMxc3B,11.71435833
SRNykBMLahmHqFueGhrwejHN7LtvpshitQ,11.66062333
SgytamD9cGYBTa1z4SfEWBs7S7HYXRhKYv,11.655
SPT19brEPZ23K8KmCRhYPqUdKrHZZYjxNH,11.65106833
SSzfYyRMEppg7MPvhJ6nvFaxTfwVqQRv1j,11.64304166
SUBEXUSythGjXDeKQB8bH4Z72DMWFv8Xa3,11.63083500
SctftDptGPrmi9f6wqQqgfLDLco6GBfrz8,11.62851333
SbmUsHgX1evLoN3NoX6acF237PSMLwat9e,11.60676500
STjKgL6kDJ6tUedPsFB4Fsd8A6gSgRZYKi,11.44211765
SZytDbAmwp9soFm8E1D7wgBgU4G4SUVmci,11.36516334
SiF3njYUDTUpbU9XEf43s5TpUqAVkxQj8X,11.35854500
SPmG5L32uup98teeCmJD25g7WkM3TPDRDc,11.34605333
ScLHDGva22y8qLzF7j1vjnzQ99GLLJ6n49,11.32263667
STDvUc67bAi7xyc3xSnCmWivbJuSQ4S5hA,10.83680500
SMx9voQGoj1qECREsypSETZDAFLE8HjMTu,10.73463500
SiLa4Y1wjn1qSE3wHow7J6Y92yda2PvTxx,10.58686833
SW3ey4KBB3jiLSWm6zQfPmFyfTYsNRtuYN,10.33107834
Sc8KwkyfNev6JgXQN5vxP8P9f9Kz6rVdec,10.26599334
SP1JvP3bwi1SFM5KX4kmmWJi5kxQH1S3Mt,10.15074992
SimnnRydS3GXoc1y9z3XRG2hRN2gkhj2xB,10.13572500
SfsaurNR2WcHxo8YGyD7zXmRemnmoh7HzV,10.01
SNJtrLt56n8wFqNBEQDtryryRWhhpzxyf8,10.0
SVTR27SqxE5h5yC4jA22bhvsZ2zV28ZRU5,10.0
SZ1ocFcUYcvGodUFDNtvkADQQLaKKV9bzd,10.0
SZJnJaspRP1tSVPRr3mmJKeGRQBmmzZJy5,10.0
SZw1WUxMSRE9da3qZH3YqMuA6cpPoemHZG,9.97547472
SkQYKovQPgmmfNHJt3Gj7ZpcE4BirKVztg,9.81623833
SiqjW5wFxS5Mxcj2yXwNc7gkSqftqjbzLd,9.8
Sk2qdpSS5nmWrRQqBpZ3eNrNoxzoVEsc82,9.8
SZbXbCi6PbdEUNf1p5oAqtbBg8WdczYbYY,9.8
SXkRTo3wpd5dKs8mjcya8qaaPqiG6XzDCP,9.42742167
SZTZLRxFm5Rm4J5WRZtSVpoGrbmQQMPrnJ,9.4
SZaFipSzs8tP1BvXq2yMLbTdiQjKCbAjYr,9.26214167
ShQVrVwHcHJj5yTwV3x4x89AogYyaZheUi,8.84734833
SNPRJWQWtYSuvrF6TRTuQTverZQamYj85U,8.8
SQisoJPxUzZzXg9jMF3RL6bZ9ukZGjubDy,8.8
SgEimAmbLhbDt8cCMR7EVmDv9bdun8kkCF,8.798
SMnu76cmE5DBbBeL94tjvGjaj5E7FHDeRm,8.70949667
Sc81sjMkFJcUrjojSZzW8PL8WhmAMey2FC,8.60081333
SaMYBzos2LiD8JvSketX6CAe6wuDuczgB8,8.47113000
SYDDSd5jsTdJPxPy4ohbkEbUh9oBgoeN5U,8.29826000
ShfnddxB9AXgXreE6N6T63WwqkMsYxivmK,8.206835
SgjXGKpxqDcRT2yXGv4o4GoBkC7SSsmRQ6,8.19940333
Sf1BKrqBYur3gGsRWsZ1apnYbVLC8yyNQW,8.08532166
SURxNCgAMs4jhDm57BStK3v39jsiDMfFU6,8.07969
SSdxK9uzroUqtVYxtzWmFSS6Eo3iMioxh8,8.04827586
SRfx344Gh7afS2et1FjPVWpaYVwveuwkSy,8.01372500
SNMehJcJGFEkCdhKM7zS5dxDsRDQLPJBPL,8.01247000
SRM5775cxaZg1EWBhUpc4iv6uUDqmbL6hX,7.892275
SPRdSNB2KJS2cWeSos4ULsibnMvip9XPDJ,7.87242833
STGLi6LAisa93yay1uqdJJBVS5p6GyiZCV,7.86667667
SjCPYneFiRzF3PMc8sH9ViN6SLE1pzkVfA,7.832625
SeDwinSpVWp4L54x3KpEq9AGXJoPiysEtZ,7.81458000
SWNa8NbEXxEet1FVfSbKofpkYPDdPa9XBz,7.81243667
STW1TTwVYSsox42pvkTmZxRGnM1faJiPc7,7.81016334
SNqFdJnMnNBr6sgT4dt6RdFkL42VESGa2h,7.80987166
SaAR1r3DMdiA5ZxGrHRTGm9q2uu5fKVBBR,7.0